{"data":{"am":"AM","pm":"PM","weekday":{"narrow":["N","P","U","S","Č","P","S"],"short":["ned","pon","uto","sri","čet","pet","sub"],"long":["nedjelja","ponedjeljak","utorak","srijeda","četvrtak","petak","subota"]},"era":{"narrow":{"BC":"p.n.e.","AD":"n. e."},"short":{"BC":"p. n. e.","AD":"n. e."},"long":{"BC":"prije nove ere","AD":"nove ere"}},"month":{"narrow":["j","f","m","a","m","j","j","a","s","o","n","d"],"short":["jan","feb","mar","apr","maj","jun","jul","aug","sep","okt","nov","dec"],"long":["januar","februar","mart","april","maj","juni","juli","august","septembar","oktobar","novembar","decembar"]},"timeZoneName":{"America/Rio_Branco":{"long":["Acre standardno vreme","Acre letnje računanje vremena"]},"Asia/Kabul":{"long":["Afganistansko vrijeme","Afganistansko vrijeme"]},"Africa/Maputo":{"long":["Centralnoafričko vrijeme","Centralnoafričko vrijeme"]},"Africa/Bujumbura":{"long":["Centralnoafričko vrijeme","Centralnoafričko vrijeme"]},"Africa/Gaborone":{"long":["Centralnoafričko vrijeme","Centralnoafričko vrijeme"]},"Africa/Lubumbashi":{"long":["Centralnoafričko vrijeme","Centralnoafričko vrijeme"]},"Africa/Blantyre":{"long":["Centralnoafričko vrijeme","Centralnoafričko vrijeme"]},"Africa/Kigali":{"long":["Centralnoafričko vrijeme","Centralnoafričko vrijeme"]},"Africa/Lusaka":{"long":["Centralnoafričko vrijeme","Centralnoafričko vrijeme"]},"Africa/Harare":{"long":["Centralnoafričko vrijeme","Centralnoafričko vrijeme"]},"Africa/Nairobi":{"long":["Istočnoafričko vrijeme","Istočnoafričko vrijeme"]},"Africa/Djibouti":{"long":["Istočnoafričko vrijeme","Istočnoafričko vrijeme"]},"Africa/Asmera":{"long":["Istočnoafričko vrijeme","Istočnoafričko vrijeme"]},"Africa/Addis_Ababa":{"long":["Istočnoafričko vrijeme","Istočnoafričko vrijeme"]},"Indian/Comoro":{"long":["Istočnoafričko vrijeme","Istočnoafričko vrijeme"]},"Indian/Antananarivo":{"long":["Istočnoafričko vrijeme","Istočnoafričko vrijeme"]},"Africa/Mogadishu":{"long":["Istočnoafričko vrijeme","Istočnoafričko vrijeme"]},"Africa/Dar_es_Salaam":{"long":["Istočnoafričko vrijeme","Istočnoafričko vrijeme"]},"Africa/Kampala":{"long":["Istočnoafričko vrijeme","Istočnoafričko vrijeme"]},"Indian/Mayotte":{"long":["Istočnoafričko vrijeme","Istočnoafričko vrijeme"]},"Africa/Johannesburg":{"long":["Južnoafričko standardno vrijeme","Južnoafričko standardno vrijeme"]},"Africa/Maseru":{"long":["Južnoafričko standardno vrijeme","Južnoafričko standardno vrijeme"]},"Africa/Mbabane":{"long":["Južnoafričko standardno vrijeme","Južnoafričko standardno vrijeme"]},"Africa/Lagos":{"long":["Zapadnoafričko standardno vrijeme","Zapadnoafričko ljetno vrijeme"]},"Africa/Luanda":{"long":["Zapadnoafričko standardno vrijeme","Zapadnoafričko ljetno vrijeme"]},"Africa/Porto-Novo":{"long":["Zapadnoafričko standardno vrijeme","Zapadnoafričko ljetno vrijeme"]},"Africa/Kinshasa":{"long":["Zapadnoafričko standardno vrijeme","Zapadnoafričko ljetno vrijeme"]},"Africa/Bangui":{"long":["Zapadnoafričko standardno vrijeme","Zapadnoafričko ljetno vrijeme"]},"Africa/Brazzaville":{"long":["Zapadnoafričko standardno vrijeme","Zapadnoafričko ljetno vrijeme"]},"Africa/Douala":{"long":["Zapadnoafričko standardno vrijeme","Zapadnoafričko ljetno vrijeme"]},"Africa/Libreville":{"long":["Zapadnoafričko standardno vrijeme","Zapadnoafričko ljetno vrijeme"]},"Africa/Malabo":{"long":["Zapadnoafričko standardno vrijeme","Zapadnoafričko ljetno vrijeme"]},"Africa/Niamey":{"long":["Zapadnoafričko standardno vrijeme","Zapadnoafričko ljetno vrijeme"]},"Africa/Ndjamena":{"long":["Zapadnoafričko standardno vrijeme","Zapadnoafričko ljetno vrijeme"]},"Asia/Aqtobe":{"long":["Zapadnokazahstansko vrijeme","Zapadnokazahstansko vrijeme"]},"America/Juneau":{"long":["Aljaskansko standardno vrijeme","Aljaskansko ljetno vrijeme"]},"Asia/Almaty":{"long":["Istočnokazahstansko vrijeme","Istočnokazahstansko vrijeme"]},"America/Manaus":{"long":["Amazonsko standardno vrijeme","Amazonsko ljetno vrijeme"]},"America/Chicago":{"long":["Sjevernoameričko centralno standardno vrijeme","Sjevernoameričko centralno ljetno vrijeme"]},"America/Belize":{"long":["Sjevernoameričko centralno standardno vrijeme","Sjevernoameričko centralno ljetno vrijeme"]},"America/Winnipeg":{"long":["Sjevernoameričko centralno standardno vrijeme","Sjevernoameričko centralno ljetno vrijeme"]},"America/Costa_Rica":{"long":["Sjevernoameričko centralno standardno vrijeme","Sjevernoameričko centralno ljetno vrijeme"]},"America/Guatemala":{"long":["Sjevernoameričko centralno standardno vrijeme","Sjevernoameričko centralno ljetno vrijeme"]},"America/Tegucigalpa":{"long":["Sjevernoameričko centralno standardno vrijeme","Sjevernoameričko centralno ljetno vrijeme"]},"America/Mexico_City":{"long":["Sjevernoameričko centralno standardno vrijeme","Sjevernoameričko centralno ljetno vrijeme"]},"America/El_Salvador":{"long":["Sjevernoameričko centralno standardno vrijeme","Sjevernoameričko centralno ljetno vrijeme"]},"America/New_York":{"long":["Sjevernoameričko istočno standardno vrijeme","Sjevernoameričko istočno ljetno vrijeme"]},"America/Nassau":{"long":["Sjevernoameričko istočno standardno vrijeme","Sjevernoameričko istočno ljetno vrijeme"]},"America/Toronto":{"long":["Sjevernoameričko istočno standardno vrijeme","Sjevernoameričko istočno ljetno vrijeme"]},"America/Port-au-Prince":{"long":["Sjevernoameričko istočno standardno vrijeme","Sjevernoameričko istočno ljetno vrijeme"]},"America/Jamaica":{"long":["Sjevernoameričko istočno standardno vrijeme","Sjevernoameričko istočno ljetno vrijeme"]},"America/Cayman":{"long":["Sjevernoameričko istočno standardno vrijeme","Sjevernoameričko istočno ljetno vrijeme"]},"America/Panama":{"long":["Sjevernoameričko istočno standardno vrijeme","Sjevernoameričko istočno ljetno vrijeme"]},"America/Denver":{"long":["Sjevernoameričko planinsko standardno vrijeme","Sjevernoameričko planinsko ljetno vrijeme"]},"America/Edmonton":{"long":["Sjevernoameričko planinsko standardno vrijeme","Sjevernoameričko planinsko ljetno vrijeme"]},"America/Hermosillo":{"long":["Sjevernoameričko planinsko standardno vrijeme","Sjevernoameričko planinsko ljetno vrijeme"]},"America/Los_Angeles":{"long":["Sjevernoameričko pacifičko standardno vrijeme","Sjevernoameričko pacifičko ljetno vrijeme"]},"America/Vancouver":{"long":["Sjevernoameričko pacifičko standardno vrijeme","Sjevernoameričko pacifičko ljetno vrijeme"]},"America/Tijuana":{"long":["Sjevernoameričko pacifičko standardno vrijeme","Sjevernoameričko pacifičko ljetno vrijeme"]},"Asia/Anadyr":{"long":["Anadir standardno vreme","Anadir letnje računanje vremena"]},"Pacific/Apia":{"long":["Apijsko standardno vrijeme","Apijsko ljetno vrijeme"]},"Asia/Riyadh":{"long":["Arabijsko standardno vrijeme","Arabijsko ljetno vrijeme"]},"Asia/Bahrain":{"long":["Arabijsko standardno vrijeme","Arabijsko ljetno vrijeme"]},"Asia/Baghdad":{"long":["Arabijsko standardno vrijeme","Arabijsko ljetno vrijeme"]},"Asia/Kuwait":{"long":["Arabijsko standardno vrijeme","Arabijsko ljetno vrijeme"]},"Asia/Qatar":{"long":["Arabijsko standardno vrijeme","Arabijsko ljetno vrijeme"]},"Asia/Aden":{"long":["Arabijsko standardno vrijeme","Arabijsko ljetno vrijeme"]},"America/Buenos_Aires":{"long":["Argentinsko standardno vrijeme","Argentinsko ljetno vrijeme"]},"America/Argentina/San_Luis":{"long":["Zapadnoargentinsko standardno vrijeme","Zapadnoargentinsko ljetno vrijeme"]},"Asia/Ashgabat":{"long":["Turkmenistansko standardno vrijeme","Turkmenistansko ljetno vrijeme"]},"America/Halifax":{"long":["Sjevernoameričko atlantsko standardno vrijeme","Sjevernoameričko atlantsko ljetno vrijeme"]},"America/Antigua":{"long":["Sjevernoameričko atlantsko standardno vrijeme","Sjevernoameričko atlantsko ljetno vrijeme"]},"America/Anguilla":{"long":["Sjevernoameričko atlantsko standardno vrijeme","Sjevernoameričko atlantsko ljetno vrijeme"]},"America/Aruba":{"long":["Sjevernoameričko atlantsko standardno vrijeme","Sjevernoameričko atlantsko ljetno vrijeme"]},"America/Barbados":{"long":["Sjevernoameričko atlantsko standardno vrijeme","Sjevernoameričko atlantsko ljetno vrijeme"]},"Atlantic/Bermuda":{"long":["Sjevernoameričko atlantsko standardno vrijeme","Sjevernoameričko atlantsko ljetno vrijeme"]},"America/Kralendijk":{"long":["Sjevernoameričko atlantsko standardno vrijeme","Sjevernoameričko atlantsko ljetno vrijeme"]},"America/Curacao":{"long":["Sjevernoameričko atlantsko standardno vrijeme","Sjevernoameričko atlantsko ljetno vrijeme"]},"America/Dominica":{"long":["Sjevernoameričko atlantsko standardno vrijeme","Sjevernoameričko atlantsko ljetno vrijeme"]},"America/Grenada":{"long":["Sjevernoameričko atlantsko standardno vrijeme","Sjevernoameričko atlantsko ljetno vrijeme"]},"America/Thule":{"long":["Sjevernoameričko atlantsko standardno vrijeme","Sjevernoameričko atlantsko ljetno vrijeme"]},"America/Guadeloupe":{"long":["Sjevernoameričko atlantsko standardno vrijeme","Sjevernoameričko atlantsko ljetno vrijeme"]},"America/St_Kitts":{"long":["Sjevernoameričko atlantsko standardno vrijeme","Sjevernoameričko atlantsko ljetno vrijeme"]},"America/St_Lucia":{"long":["Sjevernoameričko atlantsko standardno vrijeme","Sjevernoameričko atlantsko ljetno vrijeme"]},"America/Marigot":{"long":["Sjevernoameričko atlantsko standardno vrijeme","Sjevernoameričko atlantsko ljetno vrijeme"]},"America/Martinique":{"long":["Sjevernoameričko atlantsko standardno vrijeme","Sjevernoameričko atlantsko ljetno vrijeme"]},"America/Montserrat":{"long":["Sjevernoameričko atlantsko standardno vrijeme","Sjevernoameričko atlantsko ljetno vrijeme"]},"America/Puerto_Rico":{"long":["Sjevernoameričko atlantsko standardno vrijeme","Sjevernoameričko atlantsko ljetno vrijeme"]},"America/Lower_Princes":{"long":["Sjevernoameričko atlantsko standardno vrijeme","Sjevernoameričko atlantsko ljetno vrijeme"]},"America/Port_of_Spain":{"long":["Sjevernoameričko atlantsko standardno vrijeme","Sjevernoameričko atlantsko ljetno vrijeme"]},"America/St_Vincent":{"long":["Sjevernoameričko atlantsko standardno vrijeme","Sjevernoameričko atlantsko ljetno vrijeme"]},"America/Tortola":{"long":["Sjevernoameričko atlantsko standardno vrijeme","Sjevernoameričko atlantsko ljetno vrijeme"]},"America/St_Thomas":{"long":["Sjevernoameričko atlantsko standardno vrijeme","Sjevernoameričko atlantsko ljetno vrijeme"]},"Australia/Adelaide":{"long":["Centralnoaustralijsko standardno vrijeme","Centralnoaustralijsko ljetno vrijeme"]},"Australia/Eucla":{"long":["Australijsko centralnozapadno standardno vrijeme","Australijsko centralnozapadno ljetno vrijeme"]},"Australia/Sydney":{"long":["Istočnoaustralijsko standardno vrijeme","Istočnoaustralijsko ljetno vrijeme"]},"Australia/Perth":{"long":["Zapadnoaustralijsko standardno vrijeme","Zapadnoaustralijsko ljetno vrijeme"]},"Atlantic/Azores":{"long":["Azorsko standardno vrijeme","Azorsko ljetno vrijeme"]},"Asia/Thimphu":{"long":["Butansko vrijeme","Butansko vrijeme"]},"America/La_Paz":{"long":["Bolivijsko vrijeme","Bolivijsko vrijeme"]},"Asia/Kuching":{"long":["Malezijsko vrijeme","Malezijsko vrijeme"]},"America/Sao_Paulo":{"long":["Brazilijsko standardno vrijeme","Brazilijsko ljetno vrijeme"]},"Europe/London":{"long":["Griničko vrijeme","Griničko vrijeme"],"short":["GMT","GMT"]},"Asia/Brunei":{"long":["Brunejsko vrijeme","Brunejsko vrijeme"]},"Atlantic/Cape_Verde":{"long":["Zelenortsko standardno vrijeme","Zelenortsko ljetno vrijeme"]},"Pacific/Saipan":{"long":["Severna Marijanska Ostrva vreme","Severna Marijanska Ostrva vreme"]},"Pacific/Guam":{"long":["Guam standardno vreme","Guam standardno vreme"]},"Pacific/Chatham":{"long":["Čatamsko standardno vrijeme","Čatamsko ljetno vrijeme"]},"America/Santiago":{"long":["Čileansko standardno vrijeme","Čileansko ljetno vrijeme"]},"Asia/Shanghai":{"long":["Kinesko standardno vrijeme","Kinesko ljetno vrijeme"]},"Asia/Choibalsan":{"long":["Čojbalsansko standardno vrijeme","Čojbalsansko ljetno vrijeme"]},"Indian/Christmas":{"long":["Vrijeme na Božićnom Ostrvu","Vrijeme na Božićnom Ostrvu"]},"Indian/Cocos":{"long":["Vrijeme na Ostrvima Kokos","Vrijeme na Ostrvima Kokos"]},"America/Bogota":{"long":["Kolumbijsko standardno vrijeme","Kolumbijsko ljetno vrijeme"]},"Pacific/Rarotonga":{"long":["Standardno vrijeme na Kukovim ostrvima","Poluljetno vrijeme na Kukovim ostrvima"]},"America/Havana":{"long":["Kubansko standardno vrijeme","Kubansko ljetno vrijeme"]},"Antarctica/Davis":{"long":["Vrijeme stanice Davis","Vrijeme stanice Davis"]},"Antarctica/DumontDUrville":{"long":["Vrijeme stanice Dumont-d’Urville","Vrijeme stanice Dumont-d’Urville"]},"Asia/Dushanbe":{"long":["Tadžikistansko vrijeme","Tadžikistansko vrijeme"]},"America/Paramaribo":{"long":["Surinamsko vrijeme","Surinamsko vrijeme"]},"Asia/Dili":{"long":["Istočnotimorsko vrijeme","Istočnotimorsko vrijeme"]},"Pacific/Easter":{"long":["Uskršnjeostrvsko standardno vrijeme","Uskršnjeostrvsko ljetno vrijeme"]},"America/Guayaquil":{"long":["Ekvadorsko vrijeme","Ekvadorsko vrijeme"]},"Europe/Paris":{"long":["Centralnoevropsko standardno vrijeme","Centralnoevropsko ljetno vrijeme"],"short":["CET","CEST"]},"Europe/Andorra":{"long":["Centralnoevropsko standardno vrijeme","Centralnoevropsko ljetno vrijeme"],"short":["CET","CEST"]},"Europe/Tirane":{"long":["Centralnoevropsko standardno vrijeme","Centralnoevropsko ljetno vrijeme"],"short":["CET","CEST"]},"Europe/Vienna":{"long":["Centralnoevropsko standardno vrijeme","Centralnoevropsko ljetno vrijeme"],"short":["CET","CEST"]},"Europe/Sarajevo":{"long":["Centralnoevropsko standardno vrijeme","Centralnoevropsko ljetno vrijeme"],"short":["CET","CEST"]},"Europe/Brussels":{"long":["Centralnoevropsko standardno vrijeme","Centralnoevropsko ljetno vrijeme"],"short":["CET","CEST"]},"Europe/Zurich":{"long":["Centralnoevropsko standardno vrijeme","Centralnoevropsko ljetno vrijeme"],"short":["CET","CEST"]},"Europe/Prague":{"long":["Centralnoevropsko standardno vrijeme","Centralnoevropsko ljetno vrijeme"],"short":["CET","CEST"]},"Europe/Berlin":{"long":["Centralnoevropsko standardno vrijeme","Centralnoevropsko ljetno vrijeme"],"short":["CET","CEST"]},"Europe/Copenhagen":{"long":["Centralnoevropsko standardno vrijeme","Centralnoevropsko ljetno vrijeme"],"short":["CET","CEST"]},"Europe/Madrid":{"long":["Centralnoevropsko standardno vrijeme","Centralnoevropsko ljetno vrijeme"],"short":["CET","CEST"]},"Europe/Gibraltar":{"long":["Centralnoevropsko standardno vrijeme","Centralnoevropsko ljetno vrijeme"],"short":["CET","CEST"]},"Europe/Zagreb":{"long":["Centralnoevropsko standardno vrijeme","Centralnoevropsko ljetno vrijeme"],"short":["CET","CEST"]},"Europe/Budapest":{"long":["Centralnoevropsko standardno vrijeme","Centralnoevropsko ljetno vrijeme"],"short":["CET","CEST"]},"Europe/Rome":{"long":["Centralnoevropsko standardno vrijeme","Centralnoevropsko ljetno vrijeme"],"short":["CET","CEST"]},"Europe/Vaduz":{"long":["Centralnoevropsko standardno vrijeme","Centralnoevropsko ljetno vrijeme"],"short":["CET","CEST"]},"Europe/Luxembourg":{"long":["Centralnoevropsko standardno vrijeme","Centralnoevropsko ljetno vrijeme"],"short":["CET","CEST"]},"Europe/Monaco":{"long":["Centralnoevropsko standardno vrijeme","Centralnoevropsko ljetno vrijeme"],"short":["CET","CEST"]},"Europe/Podgorica":{"long":["Centralnoevropsko standardno vrijeme","Centralnoevropsko ljetno vrijeme"],"short":["CET","CEST"]},"Europe/Skopje":{"long":["Centralnoevropsko standardno vrijeme","Centralnoevropsko ljetno vrijeme"],"short":["CET","CEST"]},"Europe/Malta":{"long":["Centralnoevropsko standardno vrijeme","Centralnoevropsko ljetno vrijeme"],"short":["CET","CEST"]},"Europe/Amsterdam":{"long":["Centralnoevropsko standardno vrijeme","Centralnoevropsko ljetno vrijeme"],"short":["CET","CEST"]},"Europe/Oslo":{"long":["Centralnoevropsko standardno vrijeme","Centralnoevropsko ljetno vrijeme"],"short":["CET","CEST"]},"Europe/Warsaw":{"long":["Centralnoevropsko standardno vrijeme","Centralnoevropsko ljetno vrijeme"],"short":["CET","CEST"]},"Europe/Belgrade":{"long":["Centralnoevropsko standardno vrijeme","Centralnoevropsko ljetno vrijeme"],"short":["CET","CEST"]},"Europe/Stockholm":{"long":["Centralnoevropsko standardno vrijeme","Centralnoevropsko ljetno vrijeme"],"short":["CET","CEST"]},"Europe/Ljubljana":{"long":["Centralnoevropsko standardno vrijeme","Centralnoevropsko ljetno vrijeme"],"short":["CET","CEST"]},"Arctic/Longyearbyen":{"long":["Centralnoevropsko standardno vrijeme","Centralnoevropsko ljetno vrijeme"],"short":["CET","CEST"]},"Europe/Bratislava":{"long":["Centralnoevropsko standardno vrijeme","Centralnoevropsko ljetno vrijeme"],"short":["CET","CEST"]},"Europe/San_Marino":{"long":["Centralnoevropsko standardno vrijeme","Centralnoevropsko ljetno vrijeme"],"short":["CET","CEST"]},"Africa/Tunis":{"long":["Centralnoevropsko standardno vrijeme","Centralnoevropsko ljetno vrijeme"],"short":["CET","CEST"]},"Europe/Vatican":{"long":["Centralnoevropsko standardno vrijeme","Centralnoevropsko ljetno vrijeme"],"short":["CET","CEST"]},"Europe/Bucharest":{"long":["Istočnoevropsko standardno vrijeme","Istočnoevropsko ljetno vrijeme"],"short":["EET","EEST"]},"Europe/Mariehamn":{"long":["Istočnoevropsko standardno vrijeme","Istočnoevropsko ljetno vrijeme"],"short":["EET","EEST"]},"Europe/Sofia":{"long":["Istočnoevropsko standardno vrijeme","Istočnoevropsko ljetno vrijeme"],"short":["EET","EEST"]},"Asia/Nicosia":{"long":["Istočnoevropsko standardno vrijeme","Istočnoevropsko ljetno vrijeme"],"short":["EET","EEST"]},"Africa/Cairo":{"long":["Istočnoevropsko standardno vrijeme","Istočnoevropsko ljetno vrijeme"],"short":["EET","EEST"]},"Europe/Helsinki":{"long":["Istočnoevropsko standardno vrijeme","Istočnoevropsko ljetno vrijeme"],"short":["EET","EEST"]},"Europe/Athens":{"long":["Istočnoevropsko standardno vrijeme","Istočnoevropsko ljetno vrijeme"],"short":["EET","EEST"]},"Asia/Beirut":{"long":["Istočnoevropsko standardno vrijeme","Istočnoevropsko ljetno vrijeme"],"short":["EET","EEST"]},"Europe/Minsk":{"long":["Dalekoistočnoevropsko vrijeme","Dalekoistočnoevropsko vrijeme"]},"Europe/Kaliningrad":{"long":["Dalekoistočnoevropsko vrijeme","Dalekoistočnoevropsko vrijeme"]},"Atlantic/Canary":{"long":["Zapadnoevropsko standardno vrijeme","Zapadnoevropsko ljetno vrijeme"],"short":["WET","WEST"]},"Atlantic/Faeroe":{"long":["Zapadnoevropsko standardno vrijeme","Zapadnoevropsko ljetno vrijeme"],"short":["WET","WEST"]},"Atlantic/Stanley":{"long":["Folklandsko standardno vrijeme","Folklandsko ljetno vrijeme"]},"Pacific/Fiji":{"long":["Standardno vrijeme na Fidžiju","Fidžijsko ljetno vrijeme"]},"America/Cayenne":{"long":["Francuskogvajansko vrijeme","Francuskogvajansko vrijeme"]},"Indian/Kerguelen":{"long":["Vrijeme na Francuskoj Južnoj Teritoriji i Antarktiku","Vrijeme na Francuskoj Južnoj Teritoriji i Antarktiku"]},"Asia/Bishkek":{"long":["Kirgistansko vrijeme","Kirgistansko vrijeme"]},"Pacific/Galapagos":{"long":["Galapagosko vrijeme","Galapagosko vrijeme"]},"Pacific/Gambier":{"long":["Gambijersko vrijeme","Gambijersko vrijeme"]},"Pacific/Tarawa":{"long":["Vrijeme na Gilbertovim ostrvima","Vrijeme na Gilbertovim ostrvima"]},"Atlantic/Reykjavik":{"long":["Griničko vrijeme","Griničko vrijeme"],"short":["GMT","GMT"]},"Africa/Ouagadougou":{"long":["Griničko vrijeme","Griničko vrijeme"],"short":["GMT","GMT"]},"Africa/Abidjan":{"long":["Griničko vrijeme","Griničko vrijeme"],"short":["GMT","GMT"]},"Africa/Accra":{"long":["Griničko vrijeme","Griničko vrijeme"],"short":["GMT","GMT"]},"Africa/Banjul":{"long":["Griničko vrijeme","Griničko vrijeme"],"short":["GMT","GMT"]},"Africa/Conakry":{"long":["Griničko vrijeme","Griničko vrijeme"],"short":["GMT","GMT"]},"Africa/Bamako":{"long":["Griničko vrijeme","Griničko vrijeme"],"short":["GMT","GMT"]},"Africa/Nouakchott":{"long":["Griničko vrijeme","Griničko vrijeme"],"short":["GMT","GMT"]},"Atlantic/St_Helena":{"long":["Griničko vrijeme","Griničko vrijeme"],"short":["GMT","GMT"]},"Africa/Freetown":{"long":["Griničko vrijeme","Griničko vrijeme"],"short":["GMT","GMT"]},"Africa/Dakar":{"long":["Griničko vrijeme","Griničko vrijeme"],"short":["GMT","GMT"]},"Africa/Lome":{"long":["Griničko vrijeme","Griničko vrijeme"],"short":["GMT","GMT"]},"America/Scoresbysund":{"long":["Istočnogrenlandsko standardno vrijeme","Istočnogrenlandsko ljetno vrijeme"]},"America/Godthab":{"long":["Zapadnogrenlandsko standardno vrijeme","Zapadnogrenlandsko ljetno vrijeme"]},"Asia/Dubai":{"long":["Zalivsko standardno vrijeme","Zalivsko standardno vrijeme"]},"Asia/Muscat":{"long":["Zalivsko standardno vrijeme","Zalivsko standardno vrijeme"]},"America/Guyana":{"long":["Gvajansko vrijeme","Gvajansko vrijeme"]},"Pacific/Honolulu":{"long":["Havajsko-aleućansko standardno vrijeme","Havajsko-aleućansko ljetno vrijeme"]},"Asia/Hong_Kong":{"long":["Hongkonško standardno vrijeme","Hongkonško ljetno vrijeme"]},"Asia/Hovd":{"long":["Hovdsko standardno vrijeme","Hovdsko ljetno vrijeme"]},"Asia/Calcutta":{"long":["Indijsko standardno vrijeme","Indijsko standardno vrijeme"]},"Asia/Colombo":{"long":["Lanka vreme","Lanka vreme"]},"Indian/Chagos":{"long":["Vrijeme na Indijskom okeanu","Vrijeme na Indijskom okeanu"]},"Asia/Bangkok":{"long":["Indokinesko vrijeme","Indokinesko vrijeme"]},"Asia/Phnom_Penh":{"long":["Indokinesko vrijeme","Indokinesko vrijeme"]},"Asia/Vientiane":{"long":["Indokinesko vrijeme","Indokinesko vrijeme"]},"Asia/Makassar":{"long":["Centralnoindonezijsko vrijeme","Centralnoindonezijsko vrijeme"]},"Asia/Jayapura":{"long":["Istočnoindonezijsko vrijeme","Istočnoindonezijsko vrijeme"]},"Asia/Jakarta":{"long":["Zapadnoindonezijsko vrijeme","Zapadnoindonezijsko vrijeme"]},"Asia/Tehran":{"long":["Iransko standardno vrijeme","Iransko ljetno vrijeme"]},"Asia/Irkutsk":{"long":["Irkutsko standardno vrijeme","Irkutsko ljetno vrijeme"]},"Asia/Jerusalem":{"long":["Izraelsko standardno vrijeme","Izraelsko ljetno vrijeme"]},"Asia/Tokyo":{"long":["Japansko standardno vrijeme","Japansko ljetno vrijeme"]},"Asia/Kamchatka":{"long":["Petropavlovsk-Kamčatski standardno vreme","Petropavlovsk-Kamčatski letnje računanje vremena"]},"Asia/Karachi":{"long":["Pakistansko standardno vrijeme","Pakistansko ljetno vrijeme"]},"Asia/Qyzylorda":{"long":["Kizilorda standardno vreme","Kizilorda letnje računanje vremena"]},"Asia/Seoul":{"long":["Korejsko standardno vrijeme","Korejsko ljetno vrijeme"]},"Pacific/Kosrae":{"long":["Vrijeme na Ostrvu Kosrae","Vrijeme na Ostrvu Kosrae"]},"Asia/Krasnoyarsk":{"long":["Krasnojarsko standardno vrijeme","Krasnojarsko ljetno vrijeme"]},"Europe/Samara":{"long":["Samara standardno vreme","Samara letnje računanje vremena"]},"Pacific/Kiritimati":{"long":["Vrijeme na Ostrvima Lajn","Vrijeme na Ostrvima Lajn"]},"Australia/Lord_Howe":{"long":["Standardno vrijeme na Ostrvu Lord Hau","Ljetno vrijeme na Ostrvu Lord Hau"]},"Asia/Macau":{"long":["Makao standardno vreme","Makao letnje računanje vremena"]},"Antarctica/Macquarie":{"long":["Vrijeme na Ostrvu Makvori","Vrijeme na Ostrvu Makvori"]},"Asia/Magadan":{"long":["Magadansko standardno vrijeme","Magadansko ljetno vrijeme"]},"Indian/Maldives":{"long":["Maldivsko vrijeme","Maldivsko vrijeme"]},"Pacific/Marquesas":{"long":["Vrijeme na Ostrvima Markiz","Vrijeme na Ostrvima Markiz"]},"Pacific/Majuro":{"long":["Vrijeme na Maršalovim ostrvima","Vrijeme na Maršalovim ostrvima"]},"Indian/Mauritius":{"long":["Mauricijsko standardno vrijeme","Mauricijsko ljetno vrijeme"]},"Antarctica/Mawson":{"long":["Vrijeme stanice Mawson","Vrijeme stanice Mawson"]},"America/Santa_Isabel":{"long":["Sjeverozapadno meksičko standardno vrijeme","Sjeverozapadno meksičko ljetno vrijeme"]},"America/Mazatlan":{"long":["Meksičko pacifičko standardno vrijeme","Meksičko pacifičko ljetno vrijeme"]},"Asia/Ulaanbaatar":{"long":["Ulanbatorsko standardno vrijeme","Ulanbatorsko ljetno vrijeme"]},"Europe/Moscow":{"long":["Moskovsko standardno vrijeme","Moskovsko ljetno vrijeme"]},"Asia/Rangoon":{"long":["Mijanmarsko vrijeme","Mijanmarsko vrijeme"]},"Pacific/Nauru":{"long":["Vrijeme na Ostrvu Nauru","Vrijeme na Ostrvu Nauru"]},"Asia/Katmandu":{"long":["Nepalsko vrijeme","Nepalsko vrijeme"]},"Pacific/Noumea":{"long":["Novokaledonijsko standardno vrijeme","Novokaledonijsko ljetno vrijeme"]},"Pacific/Auckland":{"long":["Novozelandsko standardno vrijeme","Novozelandsko ljetno vrijeme"]},"Antarctica/McMurdo":{"long":["Novozelandsko standardno vrijeme","Novozelandsko ljetno vrijeme"]},"America/St_Johns":{"long":["Njufaundlendsko standardno vrijeme","Njufaundlendsko ljetno vrijeme"]},"Pacific/Niue":{"long":["Vrijeme na Ostrvu Niue","Vrijeme na Ostrvu Niue"]},"Pacific/Norfolk":{"long":["Norfolško standardno vrijeme","Norfolško ljetno vrijeme"]},"America/Noronha":{"long":["Standardno vrijeme na ostrvu Fernando di Noronja","Ljetno vrijeme na ostrvu Fernando di Noronja"]},"Asia/Novosibirsk":{"long":["Novosibirsko standardno vrijeme","Novosibirsko ljetno vrijeme"]},"Asia/Omsk":{"long":["Omsko standardno vrijeme","Omsko ljetno vrijeme"]},"Pacific/Palau":{"long":["Vrijeme na Ostrvu Palau","Vrijeme na Ostrvu Palau"]},"Pacific/Port_Moresby":{"long":["Vrijeme na Papui Novoj Gvineji","Vrijeme na Papui Novoj Gvineji"]},"America/Asuncion":{"long":["Paragvajsko standardno vrijeme","Paragvajsko ljetno vrijeme"]},"America/Lima":{"long":["Peruansko standardno vrijeme","Peruansko ljetno vrijeme"]},"Asia/Manila":{"long":["Filipinsko standardno vrijeme","Filipinsko ljetno vrijeme"]},"Pacific/Enderbury":{"long":["Vrijeme na Ostrvima Finiks","Vrijeme na Ostrvima Finiks"]},"America/Miquelon":{"long":["Standardno vrijeme na Ostrvima Sveti Petar i Mikelon","Ljetno vrijeme na Ostrvima Sveti Petar i Mikelon"]},"Pacific/Pitcairn":{"long":["Vrijeme na Ostrvima Pitkern","Vrijeme na Ostrvima Pitkern"]},"Pacific/Ponape":{"long":["Vrijeme na Ostrvu Ponape","Vrijeme na Ostrvu Ponape"]},"Asia/Pyongyang":{"long":["Pjongjanško vrijeme","Pjongjanško vrijeme"]},"Indian/Reunion":{"long":["Reunionsko vrijeme","Reunionsko vrijeme"]},"Antarctica/Rothera":{"long":["Vrijeme stanice Rothera","Vrijeme stanice Rothera"]},"Asia/Sakhalin":{"long":["Sahalinsko standardno vrijeme","Sahalinsko ljetno vrijeme"]},"Pacific/Pago_Pago":{"long":["Samoansko standardno vrijeme","Samoansko ljetno vrijeme"]},"Indian/Mahe":{"long":["Sejšelsko vrijeme","Sejšelsko vrijeme"]},"Asia/Singapore":{"long":["Singapursko standardno vrijeme","Singapursko standardno vrijeme"]},"Pacific/Guadalcanal":{"long":["Vrijeme na Solomonskim ostrvima","Vrijeme na Solomonskim ostrvima"]},"Atlantic/South_Georgia":{"long":["Južnodžordžijsko vrijeme","Južnodžordžijsko vrijeme"]},"Asia/Yekaterinburg":{"long":["Jekaterinburško standardno vrijeme","Jekaterinburško ljetno vrijeme"]},"Antarctica/Syowa":{"long":["Vrijeme stanice Syowa","Vrijeme stanice Syowa"]},"Pacific/Tahiti":{"long":["Tahićansko vrijeme","Tahićansko vrijeme"]},"Asia/Taipei":{"long":["Tajpejsko standardno vrijeme","Tajpejsko ljetno vrijeme"]},"Asia/Tashkent":{"long":["Uzbekistansko standardno vrijeme","Uzbekistansko ljetno vrijeme"]},"Pacific/Fakaofo":{"long":["Vrijeme na Ostrvu Tokelau","Vrijeme na Ostrvu Tokelau"]},"Pacific/Tongatapu":{"long":["Tongansko standardno vrijeme","Tongansko ljetno vrijeme"]},"Pacific/Truk":{"long":["Čučko vrijeme","Čučko vrijeme"]},"Pacific/Funafuti":{"long":["Tuvaluansko vrijeme","Tuvaluansko vrijeme"]},"America/Montevideo":{"long":["Urugvajsko standardno vrijeme","Urugvajsko ljetno vrijeme"]},"Pacific/Efate":{"long":["Vanuatuansko standardno vrijeme","Vanuatuansko ljetno vrijeme"]},"America/Caracas":{"long":["Venecuelansko vrijeme","Venecuelansko vrijeme"]},"Asia/Vladivostok":{"long":["Vladivostočko standardno vrijeme","Vladivostočko ljetno vrijeme"]},"Europe/Volgograd":{"long":["Volgogradsko standardno vrijeme","Volgogradsko ljetno vrijeme"]},"Antarctica/Vostok":{"long":["Vrijeme stanice Vostok","Vrijeme stanice Vostok"]},"Pacific/Wake":{"long":["Vrijeme na Ostrvu Vejk","Vrijeme na Ostrvu Vejk"]},"Pacific/Wallis":{"long":["Vrijeme na Ostrvima Valis i Futuna","Vrijeme na Ostrvima Valis i Futuna"]},"Asia/Yakutsk":{"long":["Jakutsko standardno vrijeme","Jakutsko ljetno vrijeme"]},"America/Whitehorse":{"long":["Jukonsko vrijeme","Jukonsko vrijeme"]},"UTC":{"long":["Koordinirano svjetsko vrijeme","Koordinirano svjetsko vrijeme"],"short":["UTC","UTC"]}},"gmtFormat":"GMT {0}","hourFormat":"+HH:mm; -HH:mm","dateFormat":{"full":"EEEE, d. MMMM y.","long":"d. MMMM y.","medium":"d. MMM y.","short":"d. M. y."},"timeFormat":{"full":"HH:mm:ss zzzz","long":"HH:mm:ss z","medium":"HH:mm:ss","short":"HH:mm"},"dateTimeFormat":{"full":"{1}, {0}","long":"{1}, {0}","medium":"{1} {0}","short":"{1} {0}"},"formats":{"gregory":{"Bh":"h B","Bhm":"h:mm B","Bhms":"h:mm:ss B","d":"d.","E":"ccc","EBhm":"E h:mm B","EBhms":"E h:mm:ss B","Ed":"E, d.","Ehm":"E h:mm a","EHm":"E HH:mm","Ehms":"E h:mm:ss a","EHms":"E HH:mm:ss","Gy":"y. G","GyMd":"GGGGG y-MM-dd","GyMMM":"MMM y. G","GyMMMd":"d. MMM y. G","GyMMMEd":"E, d. MMM y. G","h":"h a","H":"HH","hm":"hh:mm a","Hm":"HH:mm","hms":"hh:mm:ss a","Hms":"HH:mm:ss","hmsv":"h:mm:ss a (v)","Hmsv":"HH:mm:ss (v)","hmv":"h:mm a (v)","Hmv":"HH:mm (v)","M":"L","Md":"d.M.","MEd":"E, d.M.","MMdd":"d. M.","MMM":"LLL","MMMd":"d. MMM","MMMEd":"E, d. MMM","MMMMd":"d. MMMM","MMMMEd":"E, d. MMMM","ms":"mm:ss","y":"y.","yM":"MM/y","yMd":"d.M.y.","yMEd":"E, d.M.y.","yMM":"M/y","yMMM":"MMM y.","yMMMd":"d. MMM y.","yMMMEd":"E, d. MMM y.","yMMMM":"LLLL y.","EEEE, d. MMMM y.":"EEEE, d. MMMM y.","d. MMMM y.":"d. MMMM y.","d. MMM y.":"d. MMM y.","d. M. y.":"d. M. y.","HH:mm:ss zzzz":"HH:mm:ss zzzz","HH:mm:ss z":"HH:mm:ss z","HH:mm:ss":"HH:mm:ss","HH:mm":"HH:mm","EEEE, d. MMMM y., HH:mm:ss zzzz":"EEEE, d. MMMM y., HH:mm:ss zzzz","d. MMMM y., HH:mm:ss zzzz":"d. MMMM y., HH:mm:ss zzzz","d. MMM y. HH:mm:ss zzzz":"d. MMM y. HH:mm:ss zzzz","d. M. y. HH:mm:ss zzzz":"d. M. y. HH:mm:ss zzzz","d HH:mm:ss zzzz":"d. HH:mm:ss zzzz","E HH:mm:ss zzzz":"ccc HH:mm:ss zzzz","Ed HH:mm:ss zzzz":"E, d. HH:mm:ss zzzz","Gy HH:mm:ss zzzz":"y. G HH:mm:ss zzzz","GyMd HH:mm:ss zzzz":"GGGGG y-MM-dd HH:mm:ss zzzz","GyMMM HH:mm:ss zzzz":"MMM y. G HH:mm:ss zzzz","GyMMMd HH:mm:ss zzzz":"d. MMM y. G HH:mm:ss zzzz","GyMMMEd HH:mm:ss zzzz":"E, d. MMM y. G HH:mm:ss zzzz","M HH:mm:ss zzzz":"L HH:mm:ss zzzz","Md HH:mm:ss zzzz":"d.M. HH:mm:ss zzzz","MEd HH:mm:ss zzzz":"E, d.M. HH:mm:ss zzzz","MMdd HH:mm:ss zzzz":"d. M. HH:mm:ss zzzz","MMM HH:mm:ss zzzz":"LLL HH:mm:ss zzzz","MMMd HH:mm:ss zzzz":"d. MMM HH:mm:ss zzzz","MMMEd HH:mm:ss zzzz":"E, d. MMM HH:mm:ss zzzz","MMMMd, HH:mm:ss zzzz":"d. MMMM, HH:mm:ss zzzz","MMMMEd, HH:mm:ss zzzz":"E, d. MMMM, HH:mm:ss zzzz","y HH:mm:ss zzzz":"y. HH:mm:ss zzzz","yM HH:mm:ss zzzz":"MM/y HH:mm:ss zzzz","yMd HH:mm:ss zzzz":"d.M.y. HH:mm:ss zzzz","yMEd HH:mm:ss zzzz":"E, d.M.y. HH:mm:ss zzzz","yMM HH:mm:ss zzzz":"M/y HH:mm:ss zzzz","yMMM HH:mm:ss zzzz":"MMM y. HH:mm:ss zzzz","yMMMd HH:mm:ss zzzz":"d. MMM y. HH:mm:ss zzzz","yMMMEd HH:mm:ss zzzz":"E, d. MMM y. HH:mm:ss zzzz","yMMMM, HH:mm:ss zzzz":"LLLL y., HH:mm:ss zzzz","EEEE, d. MMMM y., HH:mm:ss z":"EEEE, d. MMMM y., HH:mm:ss z","d. MMMM y., HH:mm:ss z":"d. MMMM y., HH:mm:ss z","d. MMM y. HH:mm:ss z":"d. MMM y. HH:mm:ss z","d. M. y. HH:mm:ss z":"d. M. y. HH:mm:ss z","d HH:mm:ss z":"d. HH:mm:ss z","E HH:mm:ss z":"ccc HH:mm:ss z","Ed HH:mm:ss z":"E, d. HH:mm:ss z","Gy HH:mm:ss z":"y. G HH:mm:ss z","GyMd HH:mm:ss z":"GGGGG y-MM-dd HH:mm:ss z","GyMMM HH:mm:ss z":"MMM y. G HH:mm:ss z","GyMMMd HH:mm:ss z":"d. MMM y. G HH:mm:ss z","GyMMMEd HH:mm:ss z":"E, d. MMM y. G HH:mm:ss z","M HH:mm:ss z":"L HH:mm:ss z","Md HH:mm:ss z":"d.M. HH:mm:ss z","MEd HH:mm:ss z":"E, d.M. HH:mm:ss z","MMdd HH:mm:ss z":"d. M. HH:mm:ss z","MMM HH:mm:ss z":"LLL HH:mm:ss z","MMMd HH:mm:ss z":"d. MMM HH:mm:ss z","MMMEd HH:mm:ss z":"E, d. MMM HH:mm:ss z","MMMMd, HH:mm:ss z":"d. MMMM, HH:mm:ss z","MMMMEd, HH:mm:ss z":"E, d. MMMM, HH:mm:ss z","y HH:mm:ss z":"y. HH:mm:ss z","yM HH:mm:ss z":"MM/y HH:mm:ss z","yMd HH:mm:ss z":"d.M.y. HH:mm:ss z","yMEd HH:mm:ss z":"E, d.M.y. HH:mm:ss z","yMM HH:mm:ss z":"M/y HH:mm:ss z","yMMM HH:mm:ss z":"MMM y. HH:mm:ss z","yMMMd HH:mm:ss z":"d. MMM y. HH:mm:ss z","yMMMEd HH:mm:ss z":"E, d. MMM y. HH:mm:ss z","yMMMM, HH:mm:ss z":"LLLL y., HH:mm:ss z","EEEE, d. MMMM y., HH:mm:ss":"EEEE, d. MMMM y., HH:mm:ss","d. MMMM y., HH:mm:ss":"d. MMMM y., HH:mm:ss","d. MMM y. HH:mm:ss":"d. MMM y. HH:mm:ss","d. M. y. HH:mm:ss":"d. M. y. HH:mm:ss","d HH:mm:ss":"d. HH:mm:ss","E HH:mm:ss":"ccc HH:mm:ss","Ed HH:mm:ss":"E, d. HH:mm:ss","Gy HH:mm:ss":"y. G HH:mm:ss","GyMd HH:mm:ss":"GGGGG y-MM-dd HH:mm:ss","GyMMM HH:mm:ss":"MMM y. G HH:mm:ss","GyMMMd HH:mm:ss":"d. MMM y. G HH:mm:ss","GyMMMEd HH:mm:ss":"E, d. MMM y. G HH:mm:ss","M HH:mm:ss":"L HH:mm:ss","Md HH:mm:ss":"d.M. HH:mm:ss","MEd HH:mm:ss":"E, d.M. HH:mm:ss","MMdd HH:mm:ss":"d. M. HH:mm:ss","MMM HH:mm:ss":"LLL HH:mm:ss","MMMd HH:mm:ss":"d. MMM HH:mm:ss","MMMEd HH:mm:ss":"E, d. MMM HH:mm:ss","MMMMd, HH:mm:ss":"d. MMMM, HH:mm:ss","MMMMEd, HH:mm:ss":"E, d. MMMM, HH:mm:ss","y HH:mm:ss":"y. HH:mm:ss","yM HH:mm:ss":"MM/y HH:mm:ss","yMd HH:mm:ss":"d.M.y. HH:mm:ss","yMEd HH:mm:ss":"E, d.M.y. HH:mm:ss","yMM HH:mm:ss":"M/y HH:mm:ss","yMMM HH:mm:ss":"MMM y. HH:mm:ss","yMMMd HH:mm:ss":"d. MMM y. HH:mm:ss","yMMMEd HH:mm:ss":"E, d. MMM y. HH:mm:ss","yMMMM, HH:mm:ss":"LLLL y., HH:mm:ss","EEEE, d. MMMM y., HH:mm":"EEEE, d. MMMM y., HH:mm","d. MMMM y., HH:mm":"d. MMMM y., HH:mm","d. MMM y. HH:mm":"d. MMM y. HH:mm","d. M. y. HH:mm":"d. M. y. HH:mm","d HH:mm":"d. HH:mm","E HH:mm":"ccc HH:mm","Ed HH:mm":"E, d. HH:mm","Gy HH:mm":"y. G HH:mm","GyMd HH:mm":"GGGGG y-MM-dd HH:mm","GyMMM HH:mm":"MMM y. G HH:mm","GyMMMd HH:mm":"d. MMM y. G HH:mm","GyMMMEd HH:mm":"E, d. MMM y. G HH:mm","M HH:mm":"L HH:mm","Md HH:mm":"d.M. HH:mm","MEd HH:mm":"E, d.M. HH:mm","MMdd HH:mm":"d. M. HH:mm","MMM HH:mm":"LLL HH:mm","MMMd HH:mm":"d. MMM HH:mm","MMMEd HH:mm":"E, d. MMM HH:mm","MMMMd, HH:mm":"d. MMMM, HH:mm","MMMMEd, HH:mm":"E, d. MMMM, HH:mm","y HH:mm":"y. HH:mm","yM HH:mm":"MM/y HH:mm","yMd HH:mm":"d.M.y. HH:mm","yMEd HH:mm":"E, d.M.y. HH:mm","yMM HH:mm":"M/y HH:mm","yMMM HH:mm":"MMM y. HH:mm","yMMMd HH:mm":"d. MMM y. HH:mm","yMMMEd HH:mm":"E, d. MMM y. HH:mm","yMMMM, HH:mm":"LLLL y., HH:mm","EEEE, d. MMMM y., Bh":"EEEE, d. MMMM y., h B","d. MMMM y., Bh":"d. MMMM y., h B","d. MMM y. Bh":"d. MMM y. h B","d. M. y. Bh":"d. M. y. h B","d Bh":"d. h B","E Bh":"ccc h B","Ed Bh":"E, d. h B","Gy Bh":"y. G h B","GyMd Bh":"GGGGG y-MM-dd h B","GyMMM Bh":"MMM y. G h B","GyMMMd Bh":"d. MMM y. G h B","GyMMMEd Bh":"E, d. MMM y. G h B","M Bh":"L h B","Md Bh":"d.M. h B","MEd Bh":"E, d.M. h B","MMdd Bh":"d. M. h B","MMM Bh":"LLL h B","MMMd Bh":"d. MMM h B","MMMEd Bh":"E, d. MMM h B","MMMMd, Bh":"d. MMMM, h B","MMMMEd, Bh":"E, d. MMMM, h B","y Bh":"y. h B","yM Bh":"MM/y h B","yMd Bh":"d.M.y. h B","yMEd Bh":"E, d.M.y. h B","yMM Bh":"M/y h B","yMMM Bh":"MMM y. h B","yMMMd Bh":"d. MMM y. h B","yMMMEd Bh":"E, d. MMM y. h B","yMMMM, Bh":"LLLL y., h B","EEEE, d. MMMM y., Bhm":"EEEE, d. MMMM y., h:mm B","d. MMMM y., Bhm":"d. MMMM y., h:mm B","d. MMM y. Bhm":"d. MMM y. h:mm B","d. M. y. Bhm":"d. M. y. h:mm B","d Bhm":"d. h:mm B","E Bhm":"ccc h:mm B","Ed Bhm":"E, d. h:mm B","Gy Bhm":"y. G h:mm B","GyMd Bhm":"GGGGG y-MM-dd h:mm B","GyMMM Bhm":"MMM y. G h:mm B","GyMMMd Bhm":"d. MMM y. G h:mm B","GyMMMEd Bhm":"E, d. MMM y. G h:mm B","M Bhm":"L h:mm B","Md Bhm":"d.M. h:mm B","MEd Bhm":"E, d.M. h:mm B","MMdd Bhm":"d. M. h:mm B","MMM Bhm":"LLL h:mm B","MMMd Bhm":"d. MMM h:mm B","MMMEd Bhm":"E, d. MMM h:mm B","MMMMd, Bhm":"d. MMMM, h:mm B","MMMMEd, Bhm":"E, d. MMMM, h:mm B","y Bhm":"y. h:mm B","yM Bhm":"MM/y h:mm B","yMd Bhm":"d.M.y. h:mm B","yMEd Bhm":"E, d.M.y. h:mm B","yMM Bhm":"M/y h:mm B","yMMM Bhm":"MMM y. h:mm B","yMMMd Bhm":"d. MMM y. h:mm B","yMMMEd Bhm":"E, d. MMM y. h:mm B","yMMMM, Bhm":"LLLL y., h:mm B","EEEE, d. MMMM y., Bhms":"EEEE, d. MMMM y., h:mm:ss B","d. MMMM y., Bhms":"d. MMMM y., h:mm:ss B","d. MMM y. Bhms":"d. MMM y. h:mm:ss B","d. M. y. Bhms":"d. M. y. h:mm:ss B","d Bhms":"d. h:mm:ss B","E Bhms":"ccc h:mm:ss B","Ed Bhms":"E, d. h:mm:ss B","Gy Bhms":"y. G h:mm:ss B","GyMd Bhms":"GGGGG y-MM-dd h:mm:ss B","GyMMM Bhms":"MMM y. G h:mm:ss B","GyMMMd Bhms":"d. MMM y. G h:mm:ss B","GyMMMEd Bhms":"E, d. MMM y. G h:mm:ss B","M Bhms":"L h:mm:ss B","Md Bhms":"d.M. h:mm:ss B","MEd Bhms":"E, d.M. h:mm:ss B","MMdd Bhms":"d. M. h:mm:ss B","MMM Bhms":"LLL h:mm:ss B","MMMd Bhms":"d. MMM h:mm:ss B","MMMEd Bhms":"E, d. MMM h:mm:ss B","MMMMd, Bhms":"d. MMMM, h:mm:ss B","MMMMEd, Bhms":"E, d. MMMM, h:mm:ss B","y Bhms":"y. h:mm:ss B","yM Bhms":"MM/y h:mm:ss B","yMd Bhms":"d.M.y. h:mm:ss B","yMEd Bhms":"E, d.M.y. h:mm:ss B","yMM Bhms":"M/y h:mm:ss B","yMMM Bhms":"MMM y. h:mm:ss B","yMMMd Bhms":"d. MMM y. h:mm:ss B","yMMMEd Bhms":"E, d. MMM y. h:mm:ss B","yMMMM, Bhms":"LLLL y., h:mm:ss B","EEEE, d. MMMM y., h":"EEEE, d. MMMM y., h a","d. MMMM y., h":"d. MMMM y., h a","d. MMM y. h":"d. MMM y. h a","d. M. y. h":"d. M. y. h a","d h":"d. h a","E h":"ccc h a","Ed h":"E, d. h a","Gy h":"y. G h a","GyMd h":"GGGGG y-MM-dd h a","GyMMM h":"MMM y. G h a","GyMMMd h":"d. MMM y. G h a","GyMMMEd h":"E, d. MMM y. G h a","M h":"L h a","Md h":"d.M. h a","MEd h":"E, d.M. h a","MMdd h":"d. M. h a","MMM h":"LLL h a","MMMd h":"d. MMM h a","MMMEd h":"E, d. MMM h a","MMMMd, h":"d. MMMM, h a","MMMMEd, h":"E, d. MMMM, h a","y h":"y. h a","yM h":"MM/y h a","yMd h":"d.M.y. h a","yMEd h":"E, d.M.y. h a","yMM h":"M/y h a","yMMM h":"MMM y. h a","yMMMd h":"d. MMM y. h a","yMMMEd h":"E, d. MMM y. h a","yMMMM, h":"LLLL y., h a","EEEE, d. MMMM y., H":"EEEE, d. MMMM y., HH","d. MMMM y., H":"d. MMMM y., HH","d. MMM y. H":"d. MMM y. HH","d. M. y. H":"d. M. y. HH","d H":"d. HH","E H":"ccc HH","Ed H":"E, d. HH","Gy H":"y. G HH","GyMd H":"GGGGG y-MM-dd HH","GyMMM H":"MMM y. G HH","GyMMMd H":"d. MMM y. G HH","GyMMMEd H":"E, d. MMM y. G HH","M H":"L HH","Md H":"d.M. HH","MEd H":"E, d.M. HH","MMdd H":"d. M. HH","MMM H":"LLL HH","MMMd H":"d. MMM HH","MMMEd H":"E, d. MMM HH","MMMMd, H":"d. MMMM, HH","MMMMEd, H":"E, d. MMMM, HH","y H":"y. HH","yM H":"MM/y HH","yMd H":"d.M.y. HH","yMEd H":"E, d.M.y. HH","yMM H":"M/y HH","yMMM H":"MMM y. HH","yMMMd H":"d. MMM y. HH","yMMMEd H":"E, d. MMM y. HH","yMMMM, H":"LLLL y., HH","EEEE, d. MMMM y., hm":"EEEE, d. MMMM y., hh:mm a","d. MMMM y., hm":"d. MMMM y., hh:mm a","d. MMM y. hm":"d. MMM y. hh:mm a","d. M. y. hm":"d. M. y. hh:mm a","d hm":"d. hh:mm a","E hm":"ccc hh:mm a","Ed hm":"E, d. hh:mm a","Gy hm":"y. G hh:mm a","GyMd hm":"GGGGG y-MM-dd hh:mm a","GyMMM hm":"MMM y. G hh:mm a","GyMMMd hm":"d. MMM y. G hh:mm a","GyMMMEd hm":"E, d. MMM y. G hh:mm a","M hm":"L hh:mm a","Md hm":"d.M. hh:mm a","MEd hm":"E, d.M. hh:mm a","MMdd hm":"d. M. hh:mm a","MMM hm":"LLL hh:mm a","MMMd hm":"d. MMM hh:mm a","MMMEd hm":"E, d. MMM hh:mm a","MMMMd, hm":"d. MMMM, hh:mm a","MMMMEd, hm":"E, d. MMMM, hh:mm a","y hm":"y. hh:mm a","yM hm":"MM/y hh:mm a","yMd hm":"d.M.y. hh:mm a","yMEd hm":"E, d.M.y. hh:mm a","yMM hm":"M/y hh:mm a","yMMM hm":"MMM y. hh:mm a","yMMMd hm":"d. MMM y. hh:mm a","yMMMEd hm":"E, d. MMM y. hh:mm a","yMMMM, hm":"LLLL y., hh:mm a","EEEE, d. MMMM y., Hm":"EEEE, d. MMMM y., HH:mm","d. MMMM y., Hm":"d. MMMM y., HH:mm","d. MMM y. Hm":"d. MMM y. HH:mm","d. M. y. Hm":"d. M. y. HH:mm","d Hm":"d. HH:mm","E Hm":"ccc HH:mm","Ed Hm":"E, d. HH:mm","Gy Hm":"y. G HH:mm","GyMd Hm":"GGGGG y-MM-dd HH:mm","GyMMM Hm":"MMM y. G HH:mm","GyMMMd Hm":"d. MMM y. G HH:mm","GyMMMEd Hm":"E, d. MMM y. G HH:mm","M Hm":"L HH:mm","Md Hm":"d.M. HH:mm","MEd Hm":"E, d.M. HH:mm","MMdd Hm":"d. M. HH:mm","MMM Hm":"LLL HH:mm","MMMd Hm":"d. MMM HH:mm","MMMEd Hm":"E, d. MMM HH:mm","MMMMd, Hm":"d. MMMM, HH:mm","MMMMEd, Hm":"E, d. MMMM, HH:mm","y Hm":"y. HH:mm","yM Hm":"MM/y HH:mm","yMd Hm":"d.M.y. HH:mm","yMEd Hm":"E, d.M.y. HH:mm","yMM Hm":"M/y HH:mm","yMMM Hm":"MMM y. HH:mm","yMMMd Hm":"d. MMM y. HH:mm","yMMMEd Hm":"E, d. MMM y. HH:mm","yMMMM, Hm":"LLLL y., HH:mm","EEEE, d. MMMM y., hms":"EEEE, d. MMMM y., hh:mm:ss a","d. MMMM y., hms":"d. MMMM y., hh:mm:ss a","d. MMM y. hms":"d. MMM y. hh:mm:ss a","d. M. y. hms":"d. M. y. hh:mm:ss a","d hms":"d. hh:mm:ss a","E hms":"ccc hh:mm:ss a","Ed hms":"E, d. hh:mm:ss a","Gy hms":"y. G hh:mm:ss a","GyMd hms":"GGGGG y-MM-dd hh:mm:ss a","GyMMM hms":"MMM y. G hh:mm:ss a","GyMMMd hms":"d. MMM y. G hh:mm:ss a","GyMMMEd hms":"E, d. MMM y. G hh:mm:ss a","M hms":"L hh:mm:ss a","Md hms":"d.M. hh:mm:ss a","MEd hms":"E, d.M. hh:mm:ss a","MMdd hms":"d. M. hh:mm:ss a","MMM hms":"LLL hh:mm:ss a","MMMd hms":"d. MMM hh:mm:ss a","MMMEd hms":"E, d. MMM hh:mm:ss a","MMMMd, hms":"d. MMMM, hh:mm:ss a","MMMMEd, hms":"E, d. MMMM, hh:mm:ss a","y hms":"y. hh:mm:ss a","yM hms":"MM/y hh:mm:ss a","yMd hms":"d.M.y. hh:mm:ss a","yMEd hms":"E, d.M.y. hh:mm:ss a","yMM hms":"M/y hh:mm:ss a","yMMM hms":"MMM y. hh:mm:ss a","yMMMd hms":"d. MMM y. hh:mm:ss a","yMMMEd hms":"E, d. MMM y. hh:mm:ss a","yMMMM, hms":"LLLL y., hh:mm:ss a","EEEE, d. MMMM y., Hms":"EEEE, d. MMMM y., HH:mm:ss","d. MMMM y., Hms":"d. MMMM y., HH:mm:ss","d. MMM y. Hms":"d. MMM y. HH:mm:ss","d. M. y. Hms":"d. M. y. HH:mm:ss","d Hms":"d. HH:mm:ss","E Hms":"ccc HH:mm:ss","Ed Hms":"E, d. HH:mm:ss","Gy Hms":"y. G HH:mm:ss","GyMd Hms":"GGGGG y-MM-dd HH:mm:ss","GyMMM Hms":"MMM y. G HH:mm:ss","GyMMMd Hms":"d. MMM y. G HH:mm:ss","GyMMMEd Hms":"E, d. MMM y. G HH:mm:ss","M Hms":"L HH:mm:ss","Md Hms":"d.M. HH:mm:ss","MEd Hms":"E, d.M. HH:mm:ss","MMdd Hms":"d. M. HH:mm:ss","MMM Hms":"LLL HH:mm:ss","MMMd Hms":"d. MMM HH:mm:ss","MMMEd Hms":"E, d. MMM HH:mm:ss","MMMMd, Hms":"d. MMMM, HH:mm:ss","MMMMEd, Hms":"E, d. MMMM, HH:mm:ss","y Hms":"y. HH:mm:ss","yM Hms":"MM/y HH:mm:ss","yMd Hms":"d.M.y. HH:mm:ss","yMEd Hms":"E, d.M.y. HH:mm:ss","yMM Hms":"M/y HH:mm:ss","yMMM Hms":"MMM y. HH:mm:ss","yMMMd Hms":"d. MMM y. HH:mm:ss","yMMMEd Hms":"E, d. MMM y. HH:mm:ss","yMMMM, Hms":"LLLL y., HH:mm:ss","EEEE, d. MMMM y., hmsv":"EEEE, d. MMMM y., h:mm:ss a (v)","d. MMMM y., hmsv":"d. MMMM y., h:mm:ss a (v)","d. MMM y. hmsv":"d. MMM y. h:mm:ss a (v)","d. M. y. hmsv":"d. M. y. h:mm:ss a (v)","d hmsv":"d. h:mm:ss a (v)","E hmsv":"ccc h:mm:ss a (v)","Ed hmsv":"E, d. h:mm:ss a (v)","Gy hmsv":"y. G h:mm:ss a (v)","GyMd hmsv":"GGGGG y-MM-dd h:mm:ss a (v)","GyMMM hmsv":"MMM y. G h:mm:ss a (v)","GyMMMd hmsv":"d. MMM y. G h:mm:ss a (v)","GyMMMEd hmsv":"E, d. MMM y. G h:mm:ss a (v)","M hmsv":"L h:mm:ss a (v)","Md hmsv":"d.M. h:mm:ss a (v)","MEd hmsv":"E, d.M. h:mm:ss a (v)","MMdd hmsv":"d. M. h:mm:ss a (v)","MMM hmsv":"LLL h:mm:ss a (v)","MMMd hmsv":"d. MMM h:mm:ss a (v)","MMMEd hmsv":"E, d. MMM h:mm:ss a (v)","MMMMd, hmsv":"d. MMMM, h:mm:ss a (v)","MMMMEd, hmsv":"E, d. MMMM, h:mm:ss a (v)","y hmsv":"y. h:mm:ss a (v)","yM hmsv":"MM/y h:mm:ss a (v)","yMd hmsv":"d.M.y. h:mm:ss a (v)","yMEd hmsv":"E, d.M.y. h:mm:ss a (v)","yMM hmsv":"M/y h:mm:ss a (v)","yMMM hmsv":"MMM y. h:mm:ss a (v)","yMMMd hmsv":"d. MMM y. h:mm:ss a (v)","yMMMEd hmsv":"E, d. MMM y. h:mm:ss a (v)","yMMMM, hmsv":"LLLL y., h:mm:ss a (v)","EEEE, d. MMMM y., Hmsv":"EEEE, d. MMMM y., HH:mm:ss (v)","d. MMMM y., Hmsv":"d. MMMM y., HH:mm:ss (v)","d. MMM y. Hmsv":"d. MMM y. HH:mm:ss (v)","d. M. y. Hmsv":"d. M. y. HH:mm:ss (v)","d Hmsv":"d. HH:mm:ss (v)","E Hmsv":"ccc HH:mm:ss (v)","Ed Hmsv":"E, d. HH:mm:ss (v)","Gy Hmsv":"y. G HH:mm:ss (v)","GyMd Hmsv":"GGGGG y-MM-dd HH:mm:ss (v)","GyMMM Hmsv":"MMM y. G HH:mm:ss (v)","GyMMMd Hmsv":"d. MMM y. G HH:mm:ss (v)","GyMMMEd Hmsv":"E, d. MMM y. G HH:mm:ss (v)","M Hmsv":"L HH:mm:ss (v)","Md Hmsv":"d.M. HH:mm:ss (v)","MEd Hmsv":"E, d.M. HH:mm:ss (v)","MMdd Hmsv":"d. M. HH:mm:ss (v)","MMM Hmsv":"LLL HH:mm:ss (v)","MMMd Hmsv":"d. MMM HH:mm:ss (v)","MMMEd Hmsv":"E, d. MMM HH:mm:ss (v)","MMMMd, Hmsv":"d. MMMM, HH:mm:ss (v)","MMMMEd, Hmsv":"E, d. MMMM, HH:mm:ss (v)","y Hmsv":"y. HH:mm:ss (v)","yM Hmsv":"MM/y HH:mm:ss (v)","yMd Hmsv":"d.M.y. HH:mm:ss (v)","yMEd Hmsv":"E, d.M.y. HH:mm:ss (v)","yMM Hmsv":"M/y HH:mm:ss (v)","yMMM Hmsv":"MMM y. HH:mm:ss (v)","yMMMd Hmsv":"d. MMM y. HH:mm:ss (v)","yMMMEd Hmsv":"E, d. MMM y. HH:mm:ss (v)","yMMMM, Hmsv":"LLLL y., HH:mm:ss (v)","EEEE, d. MMMM y., hmv":"EEEE, d. MMMM y., h:mm a (v)","d. MMMM y., hmv":"d. MMMM y., h:mm a (v)","d. MMM y. hmv":"d. MMM y. h:mm a (v)","d. M. y. hmv":"d. M. y. h:mm a (v)","d hmv":"d. h:mm a (v)","E hmv":"ccc h:mm a (v)","Ed hmv":"E, d. h:mm a (v)","Gy hmv":"y. G h:mm a (v)","GyMd hmv":"GGGGG y-MM-dd h:mm a (v)","GyMMM hmv":"MMM y. G h:mm a (v)","GyMMMd hmv":"d. MMM y. G h:mm a (v)","GyMMMEd hmv":"E, d. MMM y. G h:mm a (v)","M hmv":"L h:mm a (v)","Md hmv":"d.M. h:mm a (v)","MEd hmv":"E, d.M. h:mm a (v)","MMdd hmv":"d. M. h:mm a (v)","MMM hmv":"LLL h:mm a (v)","MMMd hmv":"d. MMM h:mm a (v)","MMMEd hmv":"E, d. MMM h:mm a (v)","MMMMd, hmv":"d. MMMM, h:mm a (v)","MMMMEd, hmv":"E, d. MMMM, h:mm a (v)","y hmv":"y. h:mm a (v)","yM hmv":"MM/y h:mm a (v)","yMd hmv":"d.M.y. h:mm a (v)","yMEd hmv":"E, d.M.y. h:mm a (v)","yMM hmv":"M/y h:mm a (v)","yMMM hmv":"MMM y. h:mm a (v)","yMMMd hmv":"d. MMM y. h:mm a (v)","yMMMEd hmv":"E, d. MMM y. h:mm a (v)","yMMMM, hmv":"LLLL y., h:mm a (v)","EEEE, d. MMMM y., Hmv":"EEEE, d. MMMM y., HH:mm (v)","d. MMMM y., Hmv":"d. MMMM y., HH:mm (v)","d. MMM y. Hmv":"d. MMM y. HH:mm (v)","d. M. y. Hmv":"d. M. y. HH:mm (v)","d Hmv":"d. HH:mm (v)","E Hmv":"ccc HH:mm (v)","Ed Hmv":"E, d. HH:mm (v)","Gy Hmv":"y. G HH:mm (v)","GyMd Hmv":"GGGGG y-MM-dd HH:mm (v)","GyMMM Hmv":"MMM y. G HH:mm (v)","GyMMMd Hmv":"d. MMM y. G HH:mm (v)","GyMMMEd Hmv":"E, d. MMM y. G HH:mm (v)","M Hmv":"L HH:mm (v)","Md Hmv":"d.M. HH:mm (v)","MEd Hmv":"E, d.M. HH:mm (v)","MMdd Hmv":"d. M. HH:mm (v)","MMM Hmv":"LLL HH:mm (v)","MMMd Hmv":"d. MMM HH:mm (v)","MMMEd Hmv":"E, d. MMM HH:mm (v)","MMMMd, Hmv":"d. MMMM, HH:mm (v)","MMMMEd, Hmv":"E, d. MMMM, HH:mm (v)","y Hmv":"y. HH:mm (v)","yM Hmv":"MM/y HH:mm (v)","yMd Hmv":"d.M.y. HH:mm (v)","yMEd Hmv":"E, d.M.y. HH:mm (v)","yMM Hmv":"M/y HH:mm (v)","yMMM Hmv":"MMM y. HH:mm (v)","yMMMd Hmv":"d. MMM y. HH:mm (v)","yMMMEd Hmv":"E, d. MMM y. HH:mm (v)","yMMMM, Hmv":"LLLL y., HH:mm (v)","EEEE, d. MMMM y., ms":"EEEE, d. MMMM y., mm:ss","d. MMMM y., ms":"d. MMMM y., mm:ss","d. MMM y. ms":"d. MMM y. mm:ss","d. M. y. ms":"d. M. y. mm:ss","d ms":"d. mm:ss","E ms":"ccc mm:ss","Ed ms":"E, d. mm:ss","Gy ms":"y. G mm:ss","GyMd ms":"GGGGG y-MM-dd mm:ss","GyMMM ms":"MMM y. G mm:ss","GyMMMd ms":"d. MMM y. G mm:ss","GyMMMEd ms":"E, d. MMM y. G mm:ss","M ms":"L mm:ss","Md ms":"d.M. mm:ss","MEd ms":"E, d.M. mm:ss","MMdd ms":"d. M. mm:ss","MMM ms":"LLL mm:ss","MMMd ms":"d. MMM mm:ss","MMMEd ms":"E, d. MMM mm:ss","MMMMd, ms":"d. MMMM, mm:ss","MMMMEd, ms":"E, d. MMMM, mm:ss","y ms":"y. mm:ss","yM ms":"MM/y mm:ss","yMd ms":"d.M.y. mm:ss","yMEd ms":"E, d.M.y. mm:ss","yMM ms":"M/y mm:ss","yMMM ms":"MMM y. mm:ss","yMMMd ms":"d. MMM y. mm:ss","yMMMEd ms":"E, d. MMM y. mm:ss","yMMMM, ms":"LLLL y., mm:ss"}},"intervalFormats":{"intervalFormatFallback":"{0} – {1}","Bh":{"B":"h B – h B","h":"h – h B"},"Bhm":{"B":"h:mm B – h:mm B","h":"h:mm – h:mm B","m":"h:mm – h:mm B"},"d":{"d":"d–d."},"Gy":{"G":"G y – G y","y":"G y–y"},"GyM":{"G":"GGGGG y-MM – GGGGG y-MM","M":"GGGGG y-MM – y-MM","y":"GGGGG y-MM – y-MM"},"GyMd":{"d":"GGGGG y-MM-dd – y-MM-dd","G":"GGGGG y-MM-dd – GGGGG y-MM-dd","M":"GGGGG y-MM-dd – y-MM-dd","y":"GGGGG y-MM-dd – y-MM-dd"},"GyMEd":{"d":"GGGGG y-MM-dd, E – y-MM-dd, E","G":"GGGGG y-MM-dd, E – GGGGG y-MM-dd, E","M":"GGGGG y-MM-dd, E – y-MM-dd, E","y":"GGGGG y-MM-dd, E – y-MM-dd, E"},"GyMMM":{"G":"G y MMM – G y MMM","M":"G y MMM–MMM","y":"G y MMM – y MMM"},"GyMMMd":{"d":"G y MMM d–d","G":"G y MMM d – G y MMM d","M":"G y MMM d – MMM d","y":"G y MMM d – y MMM d"},"GyMMMEd":{"d":"G y MMM d, E – MMM d, E","G":"G y MMM d, E – G y MMM d, E","M":"G y MMM d, E – MMM d, E","y":"G y MMM d, E – y MMM d, E"},"h":{"a":"h a – h a","h":"h – h'h' a"},"H":{"H":"HH – HH'h'"},"hm":{"a":"h:mm a – h:mm a","h":"h:mm – h:mm a","m":"h:mm – h:mm a"},"Hm":{"H":"HH:mm – HH:mm","m":"HH:mm – HH:mm"},"hmv":{"a":"h:mm a – h:mm a v","h":"h:mm – h:mm a v","m":"h:mm – h:mm a v"},"Hmv":{"H":"HH:mm – HH:mm v","m":"HH:mm – HH:mm v"},"hv":{"a":"h a – h a v","h":"h – h 'h' a v"},"Hv":{"H":"HH – HH 'h' v"},"M":{"M":"M–M."},"Md":{"d":"d. M – d. M.","M":"d. M – d. M."},"MEd":{"d":"E, d.M. – E, d.M.","M":"E, d.M. – E, d.M."},"MMM":{"M":"LLL–LLL"},"MMMd":{"d":"d.–d. MMM","M":"d. MMM – d. MMM"},"MMMEd":{"d":"E, d. – E, d. MMM","M":"E, d. MMM – E, d. MMM"},"y":{"y":"y–y"},"yM":{"M":"M/y – M/y","y":"M/y – M/y"},"yMd":{"d":"d.M.y. – d.M.y.","M":"d.M.y. – d.M.y.","y":"d.M.y. – d.M.y."},"yMEd":{"d":"E, d.M.y. – E, d.M.y.","M":"E, d.M.y. – E, d.M.y.","y":"E, d.M.y. – E, d.M.y."},"yMMM":{"M":"LLL – LLL y.","y":"LLL y. – LLL y."},"yMMMd":{"d":"d. – d. MMM y.","M":"d. MMM – d. MMM y.","y":"d. MMM y. – d. MMM y."},"yMMMEd":{"d":"E, d. – E, d. MMM y.","M":"E, d. MMM – E, d. MMM y.","y":"E, d. MMM y. – E, d. MMM y."},"yMMMM":{"M":"LLLL – LLLL y.","y":"LLLL y. – LLLL y."}},"hourCycle":"h23","nu":["latn"],"ca":["gregory"],"hc":["h23","","h12"]},"locale":"bs"}